<?xml version="1.0" encoding="UTF-8"?>
<Editor version="1.0">
   <File absPath="/MATLAB Drive" lastWrittenTime="1674071113612" name="emample section N.m">
      <CodeFolds version="1.0"/>
   </File>
   <File absPath="/MATLAB Drive" lastWrittenTime="1674071289384" name="Example_1.m">
      <CodeFolds version="1.0"/>
   </File>
   <File absPath="/MATLAB Drive" lastWrittenTime="1674071962518" name="Example_2.m">
      <CodeFolds version="1.0"/>
   </File>
   <File absPath="/MATLAB Drive" lastWrittenTime="1674073066620" name="Example_3.m">
      <CodeFolds version="1.0"/>
   </File>
   <File absPath="/MATLAB Drive" lastWrittenTime="1674239577822" name="Lab_1 .m">
      <CodeFolds version="1.0"/>
   </File>
   <File absPath="/MATLAB Drive" lastWrittenTime="1674499887170" name="Lab_1.m">
      <CodeFolds version="1.0"/>
   </File>
   <File absPath="/MATLAB Drive" lastWrittenTime="1675136376663" name="shift_right.m">
      <CodeFolds version="1.0"/>
   </File>
   <File absPath="/MATLAB Drive" lastWrittenTime="1675136435881" name="practice.m">
      <CodeFolds version="1.0"/>
   </File>
   <File absPath="/MATLAB Drive" lastWrittenTime="1675136603619" name="shift_vector.m">
      <CodeFolds version="1.0"/>
   </File>
   <File absPath="/MATLAB Drive" lastWrittenTime="1675138043086" name="shift_vec.m">
      <CodeFolds version="1.0"/>
   </File>
   <File absPath="/MATLAB Drive" lastWrittenTime="1675450313645" name="quiz_1.m">
      <CodeFolds version="1.0"/>
   </File>
   <File absPath="/MATLAB Drive" lastWrittenTime="1675450914991" name="a.m">
      <CodeFolds version="1.0"/>
   </File>
   <File absPath="/MATLAB Drive" lastWrittenTime="1675451189433" name="b.m">
      <CodeFolds version="1.0"/>
   </File>
   <File absPath="/MATLAB Drive" lastWrittenTime="1675451791062" name="Q1_2.m">
      <CodeFolds version="1.0"/>
   </File>
   <File absPath="/MATLAB Drive" lastWrittenTime="1676490246678" name="calcarea.m">
      <CodeFolds version="1.0"/>
   </File>
   <File absPath="/MATLAB Drive" lastWrittenTime="1676490789991" name="script.m">
      <CodeFolds version="1.0"/>
   </File>
   <File absPath="/MATLAB Drive" lastWrittenTime="1676492980200" name="objweight.m">
      <CodeFolds version="1.0"/>
   </File>
   <File absPath="/MATLAB Drive" lastWrittenTime="1676493179968" name="obj_weight.m">
      <CodeFolds version="1.0"/>
   </File>
   <File absPath="/MATLAB Drive" lastWrittenTime="1676493624643" name="plot.m">
      <CodeFolds version="1.0"/>
   </File>
   <File absPath="/MATLAB Drive" lastWrittenTime="1676495756882" name="is_overtime.m">
      <CodeFolds version="1.0"/>
   </File>
   <File absPath="/MATLAB Drive" lastWrittenTime="1676658532013" name="isdivby4.m">
      <CodeFolds version="1.0"/>
   </File>
   <File absPath="/MATLAB Drive" lastWrittenTime="1676659178305" name="vecout.m">
      <CodeFolds version="1.0"/>
   </File>
   <File absPath="/MATLAB Drive" lastWrittenTime="1676659980730" name="switch.m">
      <CodeFolds version="1.0"/>
   </File>
   <File absPath="/MATLAB Drive" lastWrittenTime="1676660154528" name="untitled3.m">
      <CodeFolds version="1.0"/>
   </File>
   <File absPath="/MATLAB Drive" lastWrittenTime="1676660335027" name="switch_expression.m">
      <CodeFolds version="1.0"/>
   </File>
   <File absPath="/MATLAB Drive" lastWrittenTime="1676660905914" name="untitled5.m">
      <CodeFolds version="1.0"/>
   </File>
   <File absPath="/MATLAB Drive" lastWrittenTime="1676661603724" name="pickone.m">
      <CodeFolds version="1.0"/>
   </File>
   <File absPath="/MATLAB Drive" lastWrittenTime="1677700269535" name="get.m">
      <CodeFolds version="1.0"/>
   </File>
   <File absPath="/MATLAB Drive" lastWrittenTime="1677700482271" name="clac_val.m">
      <CodeFolds version="1.0"/>
   </File>
   <File absPath="/MATLAB Drive" lastWrittenTime="1677701112585" name="temp_val.m">
      <CodeFolds version="1.0"/>
   </File>
   <File absPath="/MATLAB Drive" lastWrittenTime="1677860523223" name="my_cumsum.m">
      <CodeFolds version="1.0"/>
   </File>
   <File absPath="/MATLAB Drive" lastWrittenTime="1677866353653" name="generate_oddeven.m">
      <CodeFolds version="1.0"/>
   </File>
   <File absPath="/MATLAB Drive" lastWrittenTime="1677868863108" name="ispythag.m">
      <CodeFolds version="1.0"/>
   </File>
   <File absPath="/MATLAB Drive" lastWrittenTime="1677869877583" name="corners.m">
      <CodeFolds version="1.0"/>
   </File>
   <File absPath="/MATLAB Drive" lastWrittenTime="1677869976923" name="untitled6.m">
      <CodeFolds version="1.0"/>
   </File>
   <File absPath="/MATLAB Drive" lastWrittenTime="1678473582179" name="cumprod_vectors.m">
      <CodeFolds version="1.0"/>
   </File>
   <File absPath="/MATLAB Drive" lastWrittenTime="1678474080432" name="Trace.m">
      <CodeFolds version="1.0"/>
   </File>
   <File absPath="/MATLAB Drive" lastWrittenTime="1678474832600" name="transposemat.m">
      <CodeFolds version="1.0"/>
   </File>
   <File absPath="/MATLAB Drive" lastWrittenTime="1678475366872" name="untitled4.m">
      <CodeFolds version="1.0"/>
   </File>
   <File absPath="/MATLAB Drive" lastWrittenTime="1678475461233" name="Untitled.m">
      <CodeFolds version="1.0"/>
   </File>
   <File absPath="/MATLAB Drive" lastWrittenTime="1678477458065" name="untitled.m">
      <CodeFolds version="1.0"/>
   </File>
   <File absPath="/MATLAB Drive" lastWrittenTime="1678478068221" name="checkPrimeNumber.m">
      <CodeFolds version="1.0"/>
   </File>
   <File absPath="/MATLAB Drive" lastWrittenTime="1678481774252" name="Mid2.m">
      <CodeFolds version="1.0"/>
   </File>
</Editor>